{"data":{"jobs":{"edges":[{"node":{"frontmatter":{"title":"Full Stack developer","company":"MMCY TECH","location":"Addis Ababa, Ehiopia","range":"September 2021 - February 2023","url":"https://www.MMCYTECH.com"},"html":"<ul>\n<li>Developed highly interactive web applications.</li>\n<li>Worked with different frameworks like TypeScript, React, Angular &#x26; Vue JS</li>\n<li>Worked with back-end programming and developing API with C#/.Net Core.</li>\n</ul>"}},{"node":{"frontmatter":{"title":"Full Stack developer","company":"John Snow Inc.","location":"Addis Ababa, Ehiopia","range":"May 2022 - August 2022","url":"https://www.jsi.com/"},"html":"<ul>\n<li>Write modern, performant, maintainable code for a diverse projects on Digital Health Activity Projects.</li>\n<li>Work with a variety of different languages, platforms, frameworks such as JavaScript, TypeScript, React, Angular, .NET Entity Framework</li>\n<li>Communicate with multi-disciplinary teams of engineers, doctors and project managers on a daily basis</li>\n</ul>"}},{"node":{"frontmatter":{"title":"Flutter developer","company":"Inner Peace","location":"Addis Ababa, Ehiopia","range":"November 2022 - January 2023","url":""},"html":"<ul>\n<li>Develop rich user interfaces leveraging Material Design and Cupertino style widgets.</li>\n<li>Maintain existing code base, debug issues and add features.</li>\n<li>Implement automated tests to ensure code quality.</li>\n<li>Integrate with APIs, third party libraries, and backend services.</li>\n</ul>"}}]}}}