{"data":{"projects":{"edges":[{"node":{"frontmatter":{"title":"Integrated Human Resource Information System (iHRIS)","tech":["Node.js","Vue.js","Redis","Postgress"]},"html":"<p>A web app that helps to track and manage health workforce data to improve access to services.</p>"}},{"node":{"frontmatter":{"title":"E-Commerce Platform","tech":["React","Node","Express","PostgreSQL","Hasura"]},"html":"<p>This web application is used to buy tickets for events, bus tickets and manage the tickets from the vendors' side.</p>"}},{"node":{"frontmatter":{"title":"Telegram Recruitment Bot","tech":["NodeJS","Express","MongoDB","Amazon S3"]},"html":"<p>This bot utilizes the power of telegram to recruit new employees. It gathers necessary details in different format (audio, file, text, video) and makes it available for downloading by recruiters. </p>"}},{"node":{"frontmatter":{"title":"Selam Mobile App","tech":["Flutter","Node","Graph QL","Postgresql"]},"html":"<p>A mobile app designed to help users with mindfulness and find access to nearby psychotherapist. It provides a comprehensive, user-friendly toolkit which includes: exercises for relaxation, tools for self-reflection.</p>"}}]}}}